a,l,t,.,a,t,h,e,i,s,m
c,o,m,p,.,g,r,a,p,h,i,c,s
c,o,m,p,.,o,s,.,m,s,-,w,i,n,d,o,w,s,.,m,i,s,c
c,o,m,p,.,s,y,s,.,i,b,m,.,p,c,.,h,a,r,d,w,a,r,e
c,o,m,p,.,s,y,s,.,m,a,c,.,h,a,r,d,w,a,r,e
c,o,m,p,.,w,i,n,d,o,w,s,.,x
m,i,s,c,.,f,o,r,s,a,l,e
r,e,c,.,a,u,t,o,s
r,e,c,.,m,o,t,o,r,c,y,c,l,e,s
r,e,c,.,s,p,o,r,t,.,b,a,s,e,b,a,l,l
r,e,c,.,s,p,o,r,t,.,h,o,c,k,e,y
s,c,i,.,c,r,y,p,t
s,c,i,.,e,l,e,c,t,r,o,n,i,c,s
s,c,i,.,m,e,d
s,c,i,.,s,p,a,c,e
s,o,c,.,r,e,l,i,g,i,o,n,.,c,h,r,i,s,t,i,a,n
t,a,l,k,.,p,o,l,i,t,i,c,s,.,g,u,n,s
t,a,l,k,.,p,o,l,i,t,i,c,s,.,m,i,d,e,a,s,t
t,a,l,k,.,p,o,l,i,t,i,c,s,.,m,i,s,c
t,a,l,k,.,r,e,l,i,g,i,o,n,.,m,i,s,c
